step,true_state,measurement,kf_estimate,P,K
0,0.0,0.0,0.0,0.46875,0.625
1,0.152359,-0.748294,-0.366186,0.367021,0.489362
2,0.527584,1.342137,0.404886,0.338521,0.451362
3,-0.447933,-1.575654,-0.465918,0.32976,0.43968
4,-0.384013,-0.657887,-0.549615,0.326991,0.435989
5,-0.392414,-1.131172,-0.802482,0.326109,0.434812
6,0.047285,0.720873,-0.140683,0.325827,0.434436
7,0.080301,1.05652,0.379281,0.325736,0.434315
8,0.314055,-0.430114,0.027779,0.325708,0.434277
9,0.498431,-0.331986,-0.128454,0.325698,0.434264
10,0.937656,0.894419,0.315739,0.325695,0.43426
11,0.845225,0.255522,0.289589,0.325694,0.434259
12,1.456495,1.322669,0.738213,0.325694,0.434259
13,1.242331,0.937375,0.824701,0.325694,0.434259
14,1.508486,1.82497,1.259076,0.325694,0.434259
15,1.714852,2.087954,1.619023,0.325694,0.434259
16,2.785676,2.43371,1.972808,0.325694,0.434259
17,2.529555,1.824807,1.908537,0.325694,0.434259
18,2.837544,3.815263,2.736549,0.325694,0.434259
19,2.780571,2.052974,2.439701,0.325694,0.434259
20,2.36833,2.93176,2.653382,0.325694,0.434259
21,2.739957,3.210342,2.895247,0.325694,0.434259
22,2.407202,2.60826,2.77062,0.325694,0.434259
23,2.465545,2.654935,2.720383,0.325694,0.434259
24,2.90126,3.094899,2.88302,0.325694,0.434259
25,3.240716,3.299241,3.063768,0.325694,0.434259
26,3.385276,3.931988,3.4408,0.325694,0.434259
27,2.656698,2.379855,2.980075,0.325694,0.434259
28,2.421512,1.868227,2.497246,0.325694,0.434259
29,2.283941,3.578598,2.966832,0.325694,0.434259
30,1.851025,2.689579,2.846432,0.325694,0.434259
31,1.00959,0.719571,1.922825,0.325694,0.434259
32,1.090967,1.59865,1.782049,0.325694,0.434259
33,1.44658,2.133639,1.93473,0.325694,0.434259
34,1.272217,0.871809,1.473148,0.325694,0.434259
35,1.701205,1.535531,1.500238,0.325694,0.434259
36,1.063362,0.081907,0.884316,0.325694,0.434259
37,0.603636,1.03419,0.9494,0.325694,0.434259
38,0.674849,1.272827,1.089851,0.325694,0.434259
39,0.461223,0.598522,0.876487,0.325694,0.434259
40,0.774018,0.506116,0.71565,0.325694,0.434259
41,1.002405,0.429161,0.59124,0.325694,0.434259
42,0.820879,0.490284,0.547399,0.325694,0.434259
43,0.222959,0.644689,0.589648,0.325694,0.434259
44,-0.011742,-0.000922,0.333188,0.325694,0.434259
45,0.228631,0.615338,0.455714,0.325694,0.434259
46,0.561323,0.476033,0.464538,0.325694,0.434259
47,0.349674,0.280636,0.384677,0.325694,0.434259
48,-0.493993,-1.747229,-0.541122,0.325694,0.434259
49,-1.155343,-2.018984,-1.182896,0.325694,0.434259
50,-0.955456,-1.739623,-1.42466,0.325694,0.434259
51,-1.144537,-0.019372,-0.814402,0.325694,0.434259
52,-1.322669,-0.683962,-0.757757,0.325694,0.434259
53,-1.789478,-1.967392,-1.283051,0.325694,0.434259
54,-2.264489,-2.5581,-1.836752,0.325694,0.434259
55,-1.844335,-3.340238,-2.489654,0.325694,0.434259
56,-1.627123,-1.421238,-2.025685,0.325694,0.434259
57,-1.924198,-3.176521,-2.525445,0.325694,0.434259
58,-1.888133,-2.346687,-2.447818,0.325694,0.434259
59,-1.771795,-1.75287,-2.146031,0.325694,0.434259
60,-0.970906,-1.178194,-1.725739,0.325694,0.434259
61,-1.482654,-1.327397,-1.552756,0.325694,0.434259
62,-1.372656,-0.195565,-0.963384,0.325694,0.434259
63,-0.9551,-0.646041,-0.825575,0.325694,0.434259
64,-0.223449,-1.252948,-1.011165,0.325694,0.434259
65,-0.543325,-1.345763,-1.156467,0.325694,0.434259
66,-0.73823,-1.930475,-1.492587,0.325694,0.434259
67,-0.420654,-0.613105,-1.110664,0.325694,0.434259
68,-1.156057,-2.035574,-1.512314,0.325694,0.434259
69,-0.9993,-0.273461,-0.974332,0.325694,0.434259
70,-0.000935,2.522544,0.544216,0.325694,0.434259
71,0.20627,-0.650695,0.025316,0.325694,0.434259
72,-0.859753,-0.627908,-0.258352,0.325694,0.434259
73,-1.266224,-1.625934,-0.852236,0.325694,0.434259
74,-1.572272,-1.694201,-1.217867,0.325694,0.434259
75,-1.039282,-0.903274,-1.081252,0.325694,0.434259
76,-1.1186,-2.015502,-1.486958,0.325694,0.434259
77,-1.955941,-2.377096,-1.873508,0.325694,0.434259
78,-1.982832,-0.45176,-1.256102,0.325694,0.434259
79,-1.917695,-1.066618,-1.173817,0.325694,0.434259
80,-2.167343,-3.193534,-2.050896,0.325694,0.434259
81,-2.649901,-3.277965,-2.583762,0.325694,0.434259
82,-1.585666,-2.297008,-2.459236,0.325694,0.434259
83,-1.166422,-1.94838,-2.237392,0.325694,0.434259
84,-0.700635,-0.367258,-1.425271,0.325694,0.434259
85,-0.778954,-0.814256,-1.159932,0.325694,0.434259
86,-1.106348,-0.720038,-0.968904,0.325694,0.434259
87,-1.33384,-2.395245,-1.588305,0.325694,0.434259
88,-1.972809,-1.823343,-1.690372,0.325694,0.434259
89,-1.183263,-1.044706,-1.409986,0.325694,0.434259
90,-1.242582,-0.995049,-1.229796,0.325694,0.434259
91,-0.589581,-0.39959,-0.869272,0.325694,0.434259
92,-0.795045,0.163029,-0.420987,0.325694,0.434259
93,-0.580667,0.749337,0.087237,0.325694,0.434259
94,-0.489049,-1.549471,-0.623518,0.325694,0.434259
95,-1.173129,0.256617,-0.241312,0.325694,0.434259
96,-0.311296,-0.466764,-0.339216,0.325694,0.434259
97,-0.50289,0.762758,0.139325,0.325694,0.434259
98,-1.056413,-1.831269,-0.716422,0.325694,0.434259
99,-0.734749,-1.076487,-0.872783,0.325694,0.434259
100,-0.73731,-0.878856,-0.87542,0.325694,0.434259
101,-0.568523,0.650392,-0.212823,0.325694,0.434259
102,-0.52323,0.034437,-0.105448,0.325694,0.434259
103,-1.548316,-1.590508,-0.750348,0.325694,0.434259
104,-1.969932,-3.025455,-1.738333,0.325694,0.434259
105,-2.409008,-2.698367,-2.155236,0.325694,0.434259
106,-1.951057,-3.099746,-2.565398,0.325694,0.434259
107,-1.935741,-2.355044,-2.47405,0.325694,0.434259
108,-2.099577,-1.231164,-1.934316,0.325694,0.434259
109,-1.83052,-0.672299,-1.386274,0.325694,0.434259
110,-1.907772,-2.510476,-1.874469,0.325694,0.434259
111,-2.019702,-1.809693,-1.846339,0.325694,0.434259
112,-1.931415,-2.870523,-2.2911,0.325694,0.434259
113,-1.88617,-1.688519,-2.029424,0.325694,0.434259
114,-0.627433,0.997962,-0.714756,0.325694,0.434259
115,-1.054055,-1.302936,-0.970178,0.325694,0.434259
116,-1.785776,-2.297343,-1.546511,0.325694,0.434259
117,-1.627973,-0.583674,-1.128391,0.325694,0.434259
118,-1.992515,-2.559023,-1.749655,0.325694,0.434259
119,-3.06616,-3.207033,-2.382534,0.325694,0.434259
120,-3.597367,-4.055875,-3.109196,0.325694,0.434259
121,-4.035797,-4.117431,-3.547031,0.325694,0.434259
122,-4.914662,-6.18516,-4.692661,0.325694,0.434259
123,-3.850038,-4.964979,-4.810917,0.325694,0.434259
124,-4.398431,-2.807617,-3.940967,0.325694,0.434259
125,-2.945897,-3.960504,-3.949451,0.325694,0.434259
126,-3.130022,-2.834226,-3.465155,0.325694,0.434259
127,-2.265673,-3.120316,-3.315406,0.325694,0.434259
128,-2.388312,-1.715118,-2.620467,0.325694,0.434259
129,-2.170929,-2.49669,-2.566716,0.325694,0.434259
130,-2.23784,-3.428535,-2.940968,0.325694,0.434259
131,-2.356927,-2.587626,-2.787526,0.325694,0.434259
132,-2.240842,-2.72177,-2.758971,0.325694,0.434259
133,-2.005073,-1.128035,-2.050723,0.325694,0.434259
134,-1.927358,-1.622728,-1.864863,0.325694,0.434259
135,-1.900781,-1.900708,-1.880429,0.325694,0.434259
136,-2.26156,-1.987468,-1.926911,0.325694,0.434259
137,-2.310203,-0.497466,-1.306162,0.325694,0.434259
138,-1.523526,-1.189373,-1.255445,0.325694,0.434259
139,-1.905054,-2.868431,-1.955898,0.325694,0.434259
140,-1.309483,-1.081935,-1.576372,0.325694,0.434259
141,-1.069411,-2.580267,-2.012322,0.325694,0.434259
142,-0.605692,-0.212152,-1.230583,0.325694,0.434259
143,-1.160907,-1.56926,-1.377656,0.325694,0.434259
144,-1.029048,-0.983611,-1.206539,0.325694,0.434259
145,-1.175134,-1.264758,-1.231821,0.325694,0.434259
146,-1.301123,-1.169,-1.20454,0.325694,0.434259
147,-0.565377,-2.788168,-1.892244,0.325694,0.434259
148,-0.683802,-0.530938,-1.301085,0.325694,0.434259
149,-0.535805,-0.857892,-1.108625,0.325694,0.434259
150,-1.414166,-1.130113,-1.117956,0.325694,0.434259
151,-0.550491,-1.878854,-1.448383,0.325694,0.434259
152,-0.118577,-0.403088,-0.994454,0.325694,0.434259
153,-0.149239,-1.061076,-1.023385,0.325694,0.434259
154,-0.316467,0.809405,-0.227481,0.325694,0.434259
155,-0.025139,1.475087,0.511874,0.325694,0.434259
156,0.563567,0.943827,0.699453,0.325694,0.434259
157,1.435534,1.815713,1.184199,0.325694,0.434259
158,1.849528,1.59269,1.361589,0.325694,0.434259
159,1.882801,1.278814,1.325644,0.325694,0.434259
160,2.377593,1.357152,1.339326,0.325694,0.434259
161,2.768768,2.603659,1.888374,0.325694,0.434259
162,3.354392,4.004663,2.807391,0.325694,0.434259
163,4.264715,4.897584,3.715075,0.325694,0.434259
164,3.478695,3.420711,3.587245,0.325694,0.434259
165,2.892691,2.443847,3.090715,0.325694,0.434259
166,3.648305,4.200426,3.572616,0.325694,0.434259
167,3.29884,2.420935,3.072489,0.325694,0.434259
168,3.315231,2.261659,2.720379,0.325694,0.434259
169,2.979661,3.249869,2.950315,0.325694,0.434259
170,3.557317,4.08452,3.442853,0.325694,0.434259
171,2.411672,2.675261,3.10952,0.325694,0.434259
172,2.447689,2.806128,2.977769,0.325694,0.434259
173,3.255794,1.468977,2.322563,0.325694,0.434259
174,2.960242,3.471982,2.821708,0.325694,0.434259
175,2.169445,3.447654,3.093531,0.325694,0.434259
176,2.353623,3.086786,3.090602,0.325694,0.434259
177,2.068151,2.772891,2.952633,0.325694,0.434259
178,2.602387,2.804065,2.888116,0.325694,0.434259
179,2.719588,2.953712,2.916602,0.325694,0.434259
180,2.287915,2.160151,2.588107,0.325694,0.434259
181,2.211654,2.543682,2.568815,0.325694,0.434259
182,2.711566,1.794847,2.232713,0.325694,0.434259
183,2.649061,3.932039,2.97066,0.325694,0.434259
184,2.277267,1.565178,2.360317,0.325694,0.434259
185,2.37842,3.109679,2.685734,0.325694,0.434259
186,2.384133,3.535047,3.054555,0.325694,0.434259
187,2.81253,3.541568,3.266045,0.325694,0.434259
188,3.089589,5.105395,4.064798,0.325694,0.434259
189,2.987008,1.251906,2.843276,0.325694,0.434259
190,3.789135,3.392756,3.081892,0.325694,0.434259
191,3.843075,4.977179,3.904937,0.325694,0.434259
192,3.041945,1.957987,3.059457,0.325694,0.434259
193,2.241306,1.553564,2.40551,0.325694,0.434259
194,2.461125,2.915085,2.626797,0.325694,0.434259
195,2.599262,1.375771,2.083528,0.325694,0.434259
196,1.44421,1.491282,1.82634,0.325694,0.434259
197,1.208322,1.606162,1.730726,0.325694,0.434259
198,1.559299,1.679019,1.708272,0.325694,0.434259
199,1.939365,2.137868,1.894828,0.325694,0.434259
200,2.204398,1.594133,1.764248,0.325694,0.434259
201,2.114592,2.285005,1.990391,0.325694,0.434259
202,2.524856,2.183866,2.07441,0.325694,0.434259
203,2.78544,2.555217,2.283204,0.325694,0.434259
204,2.726669,3.445053,2.787747,0.325694,0.434259
205,1.730139,0.607361,1.840896,0.325694,0.434259
206,0.989046,-1.031925,0.593349,0.325694,0.434259
207,0.649914,1.298942,0.899759,0.325694,0.434259
208,0.507472,0.678763,0.803789,0.325694,0.434259
209,1.05208,2.20189,1.410927,0.325694,0.434259
210,1.017511,2.189751,1.749138,0.325694,0.434259
211,1.063575,0.338367,1.136498,0.325694,0.434259
212,0.766375,-0.515808,0.41897,0.325694,0.434259
213,0.322308,0.012256,0.242351,0.325694,0.434259
214,0.7241,2.214331,1.0987,0.325694,0.434259
215,0.033009,0.373208,0.783649,0.325694,0.434259
216,-0.487263,-0.076163,0.410268,0.325694,0.434259
217,-0.552806,-2.138417,-0.69652,0.325694,0.434259
218,-0.088657,-0.612603,-0.660079,0.325694,0.434259
219,-0.355608,-1.28204,-0.930171,0.325694,0.434259
220,-0.682749,-0.312185,-0.661805,0.325694,0.434259
221,-0.777371,-0.492742,-0.588388,0.325694,0.434259
222,-0.59641,0.547316,-0.095199,0.325694,0.434259
223,-0.767803,-2.0468,-0.942698,0.325694,0.434259
224,-0.234192,-0.521269,-0.759689,0.325694,0.434259
225,0.323104,0.655118,-0.145297,0.325694,0.434259
226,0.257535,0.559584,0.160804,0.325694,0.434259
227,1.233041,3.031759,1.407541,0.325694,0.434259
228,1.267732,1.406461,1.407072,0.325694,0.434259
229,1.805852,1.073488,1.26221,0.325694,0.434259
230,1.972387,1.949989,1.560884,0.325694,0.434259
231,2.129341,1.407623,1.494329,0.325694,0.434259
232,1.334558,-0.460699,0.645342,0.325694,0.434259
233,0.775866,0.378641,0.529525,0.325694,0.434259
234,0.62927,2.306961,1.301392,0.325694,0.434259
235,1.182266,0.349071,0.887838,0.325694,0.434259
236,1.356121,1.003581,0.9381,0.325694,0.434259
237,1.213939,1.374436,1.127583,0.325694,0.434259
238,1.523524,1.229718,1.171936,0.325694,0.434259
239,2.05545,1.066503,1.126151,0.325694,0.434259
240,2.05862,4.308271,2.508014,0.325694,0.434259
241,2.17016,3.41136,2.900299,0.325694,0.434259
242,2.21592,2.718887,2.82152,0.325694,0.434259
243,2.187528,2.039951,2.482117,0.325694,0.434259
244,1.797787,2.170439,2.346768,0.325694,0.434259
245,1.372018,1.948432,2.173787,0.325694,0.434259
246,1.914662,2.232087,2.199104,0.325694,0.434259
247,1.771537,2.164683,2.184157,0.325694,0.434259
248,1.617201,2.427408,2.289791,0.325694,0.434259
249,0.701498,0.410853,1.473846,0.325694,0.434259
250,-0.293908,-1.588669,0.143923,0.325694,0.434259
251,0.388023,1.163276,0.586586,0.325694,0.434259
252,0.028283,-1.272923,-0.220922,0.325694,0.434259
253,-1.453982,-1.924663,-0.960786,0.325694,0.434259
254,-0.243774,0.132847,-0.485867,0.325694,0.434259
255,-0.52356,-0.120789,-0.327329,0.325694,0.434259
256,-1.304039,-1.561529,-0.863291,0.325694,0.434259
257,-1.254301,-1.328866,-1.065471,0.325694,0.434259
258,-0.858898,-0.560426,-0.846151,0.325694,0.434259
259,-0.524735,-1.120883,-0.965455,0.325694,0.434259
260,-0.075827,1.334874,0.033482,0.325694,0.434259
261,-0.560902,-1.329669,-0.558478,0.325694,0.434259
262,0.10699,-0.058718,-0.341453,0.325694,0.434259
263,0.808901,0.425654,-0.00833,0.325694,0.434259
264,1.536424,1.650294,0.711942,0.325694,0.434259
265,1.665538,3.020624,1.714507,0.325694,0.434259
266,1.484653,0.669617,1.260755,0.325694,0.434259
267,1.260371,1.652104,1.430701,0.325694,0.434259
268,0.477491,1.029557,1.256501,0.325694,0.434259
269,0.208106,1.202141,1.232895,0.325694,0.434259
270,-0.989024,-1.67021,-0.027803,0.325694,0.434259
271,-1.832258,-2.547794,-1.122131,0.325694,0.434259
272,-1.708425,-1.86364,-1.444138,0.325694,0.434259
273,-1.835114,-1.972972,-1.673789,0.325694,0.434259
274,-1.73342,-2.606838,-2.078973,0.325694,0.434259
275,-1.379995,-0.80611,-1.526221,0.325694,0.434259
276,-1.187476,-0.705504,-1.169818,0.325694,0.434259
277,-1.039267,0.723158,-0.347777,0.325694,0.434259
278,-1.082814,-1.348756,-0.782461,0.325694,0.434259
279,-1.459578,-2.353544,-1.464717,0.325694,0.434259
280,-2.081814,-2.851535,-2.066955,0.325694,0.434259
281,-2.117154,-1.827646,-1.963033,0.325694,0.434259
282,-2.091583,-2.754556,-2.306759,0.325694,0.434259
283,-1.641491,-1.001141,-1.739783,0.325694,0.434259
284,-1.721315,-2.286757,-1.977311,0.325694,0.434259
285,-1.447101,-1.284311,-1.67637,0.325694,0.434259
286,-2.171165,-2.230037,-1.916805,0.325694,0.434259
287,-2.040147,-2.819305,-2.308723,0.325694,0.434259
288,-1.945225,-3.205138,-2.697999,0.325694,0.434259
289,-1.277132,-0.196376,-1.611648,0.325694,0.434259
290,-1.403391,-1.08863,-1.384523,0.325694,0.434259
291,-2.608352,-3.609778,-2.350859,0.325694,0.434259
292,-2.755241,-3.683736,-2.929672,0.325694,0.434259
293,-2.398043,-0.668333,-1.947667,0.325694,0.434259
294,-2.98635,-3.711615,-2.713676,0.325694,0.434259
295,-2.868626,-1.473359,-2.175058,0.325694,0.434259
296,-3.479813,-3.264142,-2.648002,0.325694,0.434259
297,-2.569164,-3.999629,-3.234958,0.325694,0.434259
298,-3.209699,-3.576553,-3.383298,0.325694,0.434259
299,-3.469993,-2.766259,-3.115344,0.325694,0.434259
300,-3.349163,-4.886325,-3.884408,0.325694,0.434259
301,-3.091458,-3.591621,-3.757263,0.325694,0.434259
302,-2.454234,-2.997741,-3.427434,0.325694,0.434259
303,-2.772542,-2.303908,-2.939533,0.325694,0.434259
304,-2.391078,-2.003013,-2.532841,0.325694,0.434259
305,-3.233877,-2.767926,-2.634929,0.325694,0.434259
306,-3.751031,-3.547276,-3.031123,0.325694,0.434259
307,-4.462898,-4.076372,-3.485032,0.325694,0.434259
308,-4.866198,-5.976992,-4.567187,0.325694,0.434259
309,-4.509288,-4.300017,-4.451166,0.325694,0.434259
310,-4.816276,-3.559518,-4.06396,0.325694,0.434259
311,-5.036602,-5.008796,-4.474264,0.325694,0.434259
312,-4.902146,-5.438792,-4.893118,0.325694,0.434259
313,-4.666577,-5.128561,-4.995361,0.325694,0.434259
314,-4.872397,-3.692314,-4.429502,0.325694,0.434259
315,-5.39269,-7.482219,-5.75517,0.325694,0.434259
316,-4.587221,-2.379438,-4.28923,0.325694,0.434259
317,-4.789856,-6.467207,-5.235035,0.325694,0.434259
318,-4.945098,-5.192974,-5.21677,0.325694,0.434259
319,-5.04006,-6.004282,-5.558754,0.325694,0.434259
320,-4.750279,-4.296042,-5.010411,0.325694,0.434259
321,-5.497482,-4.89196,-4.958972,0.325694,0.434259
322,-4.471139,-4.322217,-4.682456,0.325694,0.434259
323,-4.639802,-4.76278,-4.717338,0.325694,0.434259
324,-4.332174,-5.830979,-5.200946,0.325694,0.434259
325,-4.249978,-4.58813,-4.934825,0.325694,0.434259
326,-3.326066,-3.476904,-4.301711,0.325694,0.434259
327,-2.492122,-3.447989,-3.930975,0.325694,0.434259
328,-2.198492,-1.921884,-3.05851,0.325694,0.434259
329,-2.633016,-2.479387,-2.807021,0.325694,0.434259
330,-2.026757,-2.307168,-2.589956,0.325694,0.434259
331,-2.872738,-2.887948,-2.719361,0.325694,0.434259
332,-3.323949,-3.620425,-3.110656,0.325694,0.434259
333,-3.364743,-4.841882,-3.862456,0.325694,0.434259
334,-4.172573,-3.75509,-3.815831,0.325694,0.434259
335,-4.433932,-6.655066,-5.048793,0.325694,0.434259
336,-4.04151,-3.805631,-4.508939,0.325694,0.434259
337,-4.398447,-5.538856,-4.956189,0.325694,0.434259
338,-3.980543,-3.677997,-4.401123,0.325694,0.434259
339,-2.789242,-2.425348,-3.543126,0.325694,0.434259
340,-2.595391,-2.739954,-3.194342,0.325694,0.434259
341,-2.187003,-1.645663,-2.521815,0.325694,0.434259
342,-1.56114,-2.012619,-2.300692,0.325694,0.434259
343,-1.778844,-2.193759,-2.254256,0.325694,0.434259
344,-1.383443,-0.085813,-1.312591,0.325694,0.434259
345,-1.612863,-1.980728,-1.602735,0.325694,0.434259
346,-1.455825,-1.66866,-1.631364,0.325694,0.434259
347,-0.979798,-2.929894,-2.195262,0.325694,0.434259
348,-1.39315,-2.070743,-2.141188,0.325694,0.434259
349,-2.553328,-3.387864,-2.682568,0.325694,0.434259
350,-3.010906,-3.185068,-2.900783,0.325694,0.434259
351,-2.454424,-2.666652,-2.79911,0.325694,0.434259
352,-2.96983,-3.019154,-2.894666,0.325694,0.434259
353,-2.445244,-3.290449,-3.066538,0.325694,0.434259
354,-2.900531,-2.416813,-2.78439,0.325694,0.434259
355,-3.011299,-2.450561,-2.639422,0.325694,0.434259
356,-3.018122,-2.410464,-2.539995,0.325694,0.434259
357,-3.535662,-3.546127,-2.976916,0.325694,0.434259
358,-3.641007,-4.693999,-3.722574,0.325694,0.434259
359,-4.422746,-3.828869,-3.768734,0.325694,0.434259
360,-4.598222,-5.483542,-4.513404,0.325694,0.434259
361,-4.646311,-3.669418,-4.146896,0.325694,0.434259
362,-5.78668,-7.082807,-5.421841,0.325694,0.434259
363,-6.248123,-4.982705,-5.231142,0.325694,0.434259
364,-6.10683,-5.442314,-5.322845,0.325694,0.434259
365,-6.67691,-7.646457,-6.331893,0.325694,0.434259
366,-6.453003,-6.402536,-6.362571,0.325694,0.434259
367,-6.178634,-6.341162,-6.353274,0.325694,0.434259
368,-6.039562,-5.902627,-6.157577,0.325694,0.434259
369,-5.650678,-4.951789,-5.633953,0.325694,0.434259
370,-6.460614,-8.406806,-6.838088,0.325694,0.434259
371,-5.959742,-4.931142,-6.00998,0.325694,0.434259
372,-6.470053,-8.080718,-6.909216,0.325694,0.434259
373,-6.420536,-5.614406,-6.346934,0.325694,0.434259
374,-5.521739,-5.074612,-5.794417,0.325694,0.434259
375,-5.707597,-6.481071,-6.092602,0.325694,0.434259
376,-5.701871,-5.961042,-6.035471,0.325694,0.434259
377,-6.209405,-4.435131,-5.34051,0.325694,0.434259
378,-5.316821,-4.332974,-4.902979,0.325694,0.434259
379,-5.777246,-5.036778,-4.961082,0.325694,0.434259
380,-5.457433,-5.074177,-5.010195,0.325694,0.434259
381,-4.8326,-4.282353,-4.694123,0.325694,0.434259
382,-4.462593,-3.911016,-4.354052,0.325694,0.434259
383,-4.292198,-5.83685,-4.99797,0.325694,0.434259
384,-4.250387,-4.732063,-4.882498,0.325694,0.434259
385,-4.890308,-3.433812,-4.253393,0.325694,0.434259
386,-4.02581,-2.84869,-3.643389,0.325694,0.434259
387,-3.898203,-2.728527,-3.246103,0.325694,0.434259
388,-3.892177,-3.716549,-3.450398,0.325694,0.434259
389,-4.438912,-4.095108,-3.730369,0.325694,0.434259
390,-4.408719,-5.536849,-4.514848,0.325694,0.434259
391,-4.434318,-4.503366,-4.509862,0.325694,0.434259
392,-3.535537,-2.761126,-3.750458,0.325694,0.434259
393,-3.529815,-3.314358,-3.561078,0.325694,0.434259
394,-3.507708,-3.683437,-3.614214,0.325694,0.434259
395,-4.048922,-4.179737,-3.859797,0.325694,0.434259
396,-4.421971,-5.504776,-4.574143,0.325694,0.434259
397,-4.16636,-3.827515,-4.249913,0.325694,0.434259
398,-5.059714,-5.165962,-4.647715,0.325694,0.434259
399,-4.561863,-3.644549,-4.212082,0.325694,0.434259
400,-4.048945,-4.015245,-4.126604,0.325694,0.434259
401,-4.471467,-5.409978,-4.68392,0.325694,0.434259
402,-4.299165,-3.970699,-4.374198,0.325694,0.434259
403,-3.655499,-2.702889,-3.648418,0.325694,0.434259
404,-3.721614,-4.799128,-4.148123,0.325694,0.434259
405,-3.881167,-3.693039,-3.950499,0.325694,0.434259
406,-3.982209,-4.48268,-4.181603,0.325694,0.434259
407,-3.855766,-4.292207,-4.229634,0.325694,0.434259
408,-4.169799,-3.900073,-4.086519,0.325694,0.434259
409,-4.370796,-4.159395,-4.118166,0.325694,0.434259
410,-4.234194,-5.220968,-4.597067,0.325694,0.434259
411,-4.474814,-3.229663,-4.00326,0.325694,0.434259
412,-5.055854,-6.88893,-5.256387,0.325694,0.434259
413,-5.986777,-5.961567,-5.562617,0.325694,0.434259
414,-5.971318,-6.073172,-5.78433,0.325694,0.434259
415,-5.364223,-7.678965,-6.607092,0.325694,0.434259
416,-5.166256,-3.814011,-5.394172,0.325694,0.434259
417,-5.730146,-6.059068,-5.682909,0.325694,0.434259
418,-6.106592,-6.881119,-6.203242,0.325694,0.434259
419,-6.269723,-5.033485,-5.695265,0.325694,0.434259
420,-5.35103,-5.641962,-5.672118,0.325694,0.434259
421,-4.3985,-4.36769,-5.105659,0.325694,0.434259
422,-3.521654,-3.602453,-4.452879,0.325694,0.434259
423,-3.456125,-3.139615,-3.882583,0.325694,0.434259
424,-1.866699,-1.129464,-2.687017,0.325694,0.434259
425,-2.220331,-1.381154,-2.119935,0.325694,0.434259
426,-2.401247,-2.825383,-2.426282,0.325694,0.434259
427,-1.946947,-1.920026,-2.206436,0.325694,0.434259
428,-1.807659,-1.795547,-2.028004,0.325694,0.434259
429,-1.639367,-1.271336,-1.699414,0.325694,0.434259
430,-2.60785,-2.030582,-1.843226,0.325694,0.434259
431,-3.09886,-4.347928,-2.930914,0.325694,0.434259
432,-3.128066,-3.055336,-2.984946,0.325694,0.434259
433,-3.474819,-2.755124,-2.885144,0.325694,0.434259
434,-4.145906,-4.49833,-3.585684,0.325694,0.434259
435,-4.438344,-4.478689,-3.973479,0.325694,0.434259
436,-4.298911,-5.171772,-4.493848,0.325694,0.434259
437,-3.93677,-3.882208,-4.228238,0.325694,0.434259
438,-4.882743,-6.578933,-5.249048,0.325694,0.434259
439,-4.888903,-5.080266,-5.175753,0.325694,0.434259
440,-4.940613,-4.964846,-5.084165,0.325694,0.434259
441,-4.827833,-4.007144,-4.616459,0.325694,0.434259
442,-5.383385,-6.398343,-5.390257,0.325694,0.434259
443,-5.930047,-5.679838,-5.51601,0.325694,0.434259
444,-5.307574,-5.681125,-5.587713,0.325694,0.434259
445,-6.558424,-8.034125,-6.650088,0.325694,0.434259
446,-6.974942,-7.457949,-7.000909,0.325694,0.434259
447,-7.179136,-7.145724,-7.063796,0.325694,0.434259
448,-7.335009,-6.426255,-6.786938,0.325694,0.434259
449,-7.673018,-8.419807,-7.496026,0.325694,0.434259
450,-7.43358,-8.763485,-8.046431,0.325694,0.434259
451,-7.238734,-7.149921,-7.657114,0.325694,0.434259
452,-7.312456,-5.936968,-6.910126,0.325694,0.434259
453,-7.623559,-5.839289,-6.445106,0.325694,0.434259
454,-7.736275,-8.842204,-7.486066,0.325694,0.434259
455,-7.701315,-8.633371,-7.984293,0.325694,0.434259
456,-8.077193,-7.733352,-7.87532,0.325694,0.434259
457,-7.799402,-8.338215,-8.076336,0.325694,0.434259
458,-7.3057,-6.303269,-7.306366,0.325694,0.434259
459,-6.587549,-6.129063,-6.795112,0.325694,0.434259
460,-5.905834,-7.534654,-7.116265,0.325694,0.434259
461,-6.064788,-6.815636,-6.985714,0.325694,0.434259
462,-6.005175,-6.500064,-6.774817,0.325694,0.434259
463,-6.088254,-4.458242,-5.768824,0.325694,0.434259
464,-6.173114,-5.814759,-5.788772,0.325694,0.434259
465,-6.289248,-6.223679,-5.977634,0.325694,0.434259
466,-6.28624,-5.89798,-5.943043,0.325694,0.434259
467,-5.703586,-4.276901,-5.219507,0.325694,0.434259
468,-5.548776,-5.038214,-5.140779,0.325694,0.434259
469,-6.124208,-6.200312,-5.60089,0.325694,0.434259
470,-5.654064,-4.904113,-5.298309,0.325694,0.434259
471,-5.548259,-4.780619,-5.073497,0.325694,0.434259
472,-5.302875,-4.26338,-4.721697,0.325694,0.434259
473,-5.158196,-5.46624,-5.045021,0.325694,0.434259
474,-4.990275,-7.528244,-6.123382,0.325694,0.434259
475,-4.798832,-7.95845,-6.920276,0.325694,0.434259
476,-5.660564,-5.269321,-6.203335,0.325694,0.434259
477,-5.421799,-6.428492,-6.301111,0.325694,0.434259
478,-5.77785,-4.590927,-5.558449,0.325694,0.434259
479,-6.019865,-4.077439,-4.915308,0.325694,0.434259
480,-6.020825,-5.667456,-5.241935,0.325694,0.434259
481,-5.212388,-5.098915,-5.179827,0.325694,0.434259
482,-5.71356,-5.808587,-5.452872,0.325694,0.434259
483,-5.731366,-6.913266,-6.08706,0.325694,0.434259
484,-5.859282,-6.502039,-6.267268,0.325694,0.434259
485,-5.397103,-5.367128,-5.876375,0.325694,0.434259
486,-5.538501,-5.630457,-5.769583,0.325694,0.434259
487,-5.42694,-4.892763,-5.388816,0.325694,0.434259
488,-5.926796,-6.828837,-6.014158,0.325694,0.434259
489,-5.374456,-5.73155,-5.891433,0.325694,0.434259
490,-6.082877,-5.698524,-5.807661,0.325694,0.434259
491,-5.851192,-7.17683,-6.402234,0.325694,0.434259
492,-5.736451,-5.099418,-5.836475,0.325694,0.434259
493,-5.549258,-5.001946,-5.474074,0.325694,0.434259
494,-6.251393,-5.964703,-5.687134,0.325694,0.434259
495,-6.402703,-6.820811,-6.179443,0.325694,0.434259
496,-5.967425,-4.686335,-5.531048,0.325694,0.434259
497,-5.07024,-3.931583,-4.836467,0.325694,0.434259
498,-5.125107,-4.819642,-4.82916,0.325694,0.434259
499,-4.741695,-4.636752,-4.745606,0.325694,0.434259
